Region,Country,Item Type,Sales Channel,Order Priority,Order Date,Order ID,Ship Date,Units Sold,Unit Price,Unit Cost,Total Revenue,Total Cost,Total Profit
Middle East and North Africa,Libya,Cosmetics,Offline,M,10/18/2014,686800706,10/31/2014,8446,437.20,263.33,3692591.20,2224085.18,1468506.02
North America,Canada,Vegetables,Online,M,11/7/2011,185941302,12/8/2011,3018,154.06,90.93,464953.08,274426.74,190526.34
Middle East and North Africa,Libya,Baby Food,Offline,C,10/31/2016,246222341,12/9/2016,1517,255.28,159.42,387259.76,241840.14,145419.62
Asia,Japan,Cereal,Offline,C,4/10/2010,161442649,5/12/2010,3322,205.70,117.11,683335.40,389039.42,294295.98
Sub-Saharan Africa,Chad,Fruits,Offline,H,8/16/2011,645713555,8/31/2011,9845,9.33,6.92,91853.85,68127.40,23726.45
Europe,Armenia,Cereal,Online,H,11/24/2014,683458888,12/28/2014,9528,205.70,117.11,1959909.60,1115824.08,844085.52
Sub-Saharan Africa,Eritrea,Cereal,Online,H,3/4/2015,679414975,4/17/2015,2844,205.70,117.11,585010.80,333060.84,251949.96
Europe,Montenegro,Clothes,Offline,M,5/17/2012,208630645,6/28/2012,7299,109.28,35.84,797634.72,261596.16,536038.56
Central America and the Caribbean,Jamaica,Vegetables,Online,H,1/29/2015,266467225,3/7/2015,2428,154.06,90.93,374057.68,220778.04,153279.64
Australia and Oceania,Fiji,Vegetables,Offline,H,12/24/2013,118598544,1/19/2014,4800,154.06,90.93,739488.00,436464.00,303024.00
Sub-Saharan Africa,Togo,Clothes,Online,M,12/29/2015,451010930,1/19/2016,3012,109.28,35.84,329151.36,107950.08,221201.28
Europe,Montenegro,Snacks,Offline,M,2/27/2010,220003211,3/18/2010,2694,152.58,97.44,411050.52,262503.36,148547.16
Europe,Greece,Household,Online,C,11/17/2016,702186715,12/22/2016,1508,668.27,502.54,1007751.16,757830.32,249920.84
Sub-Saharan Africa,Sudan,Cosmetics,Online,C,12/20/2015,544485270,1/5/2016,4146,437.20,263.33,1812631.20,1091766.18,720865.02
Asia,Maldives,Fruits,Offline,L,1/8/2011,714135205,2/6/2011,7332,9.33,6.92,68407.56,50737.44,17670.12
Europe,Montenegro,Clothes,Offline,H,6/28/2010,448685348,7/22/2010,4820,109.28,35.84,526729.60,172748.80,353980.80
Europe,Estonia,Office Supplies,Online,H,4/25/2016,405997025,5/12/2016,2397,651.21,524.96,1560950.37,1258329.12,302621.25
North America,Greenland,Beverages,Online,M,7/27/2012,414244067,8/7/2012,2880,47.45,31.79,136656.00,91555.20,45100.80
Sub-Saharan Africa,Cape Verde,Clothes,Online,C,9/8/2014,821912801,10/3/2014,1117,109.28,35.84,122065.76,40033.28,82032.48
Sub-Saharan Africa,Senegal,Household,Offline,L,8/27/2012,247802054,9/8/2012,8989,668.27,502.54,6007079.03,4517332.06,1489746.97
Australia and Oceania,Federated States of Micronesia,Snacks,Online,C,9/3/2012,531023156,10/15/2012,407,152.58,97.44,62100.06,39658.08,22441.98
Europe,Bulgaria,Clothes,Online,L,8/27/2010,880999934,9/16/2010,6313,109.28,35.84,689884.64,226257.92,463626.72
Middle East and North Africa,Algeria,Personal Care,Online,H,2/20/2011,127468717,3/9/2011,9681,81.73,56.67,791228.13,548622.27,242605.86
Asia,Mongolia,Clothes,Online,L,12/12/2015,770478332,1/24/2016,515,109.28,35.84,56279.20,18457.60,37821.60
Central America and the Caribbean,Grenada,Cereal,Online,H,10/28/2012,430390107,11/13/2012,852,205.70,117.11,175256.40,99777.72,75478.68
Central America and the Caribbean,Grenada,Beverages,Online,M,1/30/2017,397877871,3/20/2017,9759,47.45,31.79,463064.55,310238.61,152825.94
Sub-Saharan Africa,Senegal,Beverages,Offline,M,10/22/2014,683927953,11/4/2014,8334,47.45,31.79,395448.30,264937.86,130510.44
North America,Greenland,Fruits,Offline,M,1/31/2012,469839179,2/22/2012,4709,9.33,6.92,43934.97,32586.28,11348.69
Sub-Saharan Africa,Chad,Meat,Offline,H,1/20/2016,357222878,3/9/2016,9043,421.89,364.69,3815151.27,3297891.67,517259.60
Sub-Saharan Africa,Mauritius ,Personal Care,Online,C,1/1/2016,118002879,1/7/2016,8529,81.73,56.67,697075.17,483338.43,213736.74
Middle East and North Africa,Morocco,Beverages,Offline,C,6/1/2017,944415509,6/23/2017,2391,47.45,31.79,113452.95,76009.89,37443.06
Central America and the Caribbean,Honduras,Office Supplies,Online,H,6/30/2015,499009597,7/9/2015,6884,651.21,524.96,4482929.64,3613824.64,869105.00
Sub-Saharan Africa,Benin,Fruits,Online,L,1/28/2014,564646470,3/16/2014,293,9.33,6.92,2733.69,2027.56,706.13
Europe,Greece,Baby Food,Offline,M,4/8/2014,294499957,4/8/2014,7937,255.28,159.42,2026157.36,1265316.54,760840.82
Central America and the Caribbean,Jamaica,Beverages,Offline,L,9/4/2010,262056386,10/24/2010,7163,47.45,31.79,339884.35,227711.77,112172.58
Sub-Saharan Africa,Equatorial Guinea,Office Supplies,Online,M,5/2/2010,211114585,5/14/2010,2352,651.21,524.96,1531645.92,1234705.92,296940.00
Sub-Saharan Africa,Swaziland,Office Supplies,Offline,H,10/3/2013,405785882,10/22/2013,9915,651.21,524.96,6456747.15,5204978.40,1251768.75
Central America and the Caribbean,Trinidad and Tobago,Vegetables,Offline,M,3/6/2011,280494105,4/14/2011,3294,154.06,90.93,507473.64,299523.42,207950.22
Europe,Sweden,Baby Food,Online,L,8/7/2016,689975583,8/12/2016,7963,255.28,159.42,2032794.64,1269461.46,763333.18
Europe,Belarus,Office Supplies,Online,L,1/11/2011,759279143,2/18/2011,6426,651.21,524.96,4184675.46,3373392.96,811282.50
Sub-Saharan Africa,Guinea-Bissau,Office Supplies,Offline,C,5/21/2014,133766114,6/12/2014,3221,651.21,524.96,2097547.41,1690896.16,406651.25
Asia,Mongolia,Beverages,Online,M,8/3/2013,329110324,9/2/2013,9913,47.45,31.79,470371.85,315134.27,155237.58
Middle East and North Africa,Turkey,Meat,Online,L,10/5/2011,681298100,11/20/2011,103,421.89,364.69,43454.67,37563.07,5891.60
Sub-Saharan Africa,Central African Republic,Snacks,Offline,L,11/15/2016,596628272,12/30/2016,4419,152.58,97.44,674251.02,430587.36,243663.66
Sub-Saharan Africa,Equatorial Guinea,Office Supplies,Offline,L,4/3/2015,901712167,4/17/2015,5523,651.21,524.96,3596632.83,2899354.08,697278.75
Asia,Laos,Beverages,Online,M,3/22/2013,693473613,4/21/2013,3107,47.45,31.79,147427.15,98771.53,48655.62
Europe,Armenia,Meat,Online,C,8/2/2010,489148938,9/1/2010,8896,421.89,364.69,3753133.44,3244282.24,508851.20
Europe,Greece,Household,Online,L,1/5/2012,876286971,2/15/2012,1643,668.27,502.54,1097967.61,825673.22,272294.39
Middle East and North Africa,Israel,Personal Care,Offline,H,8/26/2015,262749040,8/30/2015,2135,81.73,56.67,174493.55,120990.45,53503.10
Asia,Bhutan,Meat,Online,H,12/9/2016,726708972,1/26/2017,8189,421.89,364.69,3454857.21,2986446.41,468410.80
Australia and Oceania,Vanuatu,Vegetables,Online,L,5/17/2012,366653096,5/31/2012,9654,154.06,90.93,1487295.24,877838.22,609457.02
Sub-Saharan Africa,Burundi,Vegetables,Online,M,11/17/2010,951380240,12/20/2010,3410,154.06,90.93,525344.60,310071.30,215273.30
Europe,Ukraine,Cosmetics,Online,M,11/13/2014,270001733,1/1/2015,8368,437.20,263.33,3658489.60,2203545.44,1454944.16
Europe,Croatia,Beverages,Online,C,6/16/2016,681941401,7/28/2016,470,47.45,31.79,22301.50,14941.30,7360.20
Sub-Saharan Africa,Madagascar,Fruits,Online,L,5/31/2016,566935575,6/7/2016,7690,9.33,6.92,71747.70,53214.80,18532.90
Asia,Malaysia,Snacks,Offline,M,10/6/2012,175033080,11/5/2012,5033,152.58,97.44,767935.14,490415.52,277519.62
Asia,Uzbekistan,Office Supplies,Offline,L,3/10/2012,276595246,3/15/2012,9535,651.21,524.96,6209287.35,5005493.60,1203793.75
Europe,Italy,Office Supplies,Online,M,1/26/2011,812295901,2/13/2011,5263,651.21,524.96,3427318.23,2762864.48,664453.75
Asia,Nepal,Vegetables,Offline,C,6/2/2014,443121373,6/19/2014,8316,154.06,90.93,1281162.96,756173.88,524989.08
Australia and Oceania,Fiji,Personal Care,Offline,H,12/17/2016,600370490,1/25/2017,1824,81.73,56.67,149075.52,103366.08,45709.44
Europe,Portugal,Office Supplies,Online,L,6/27/2014,535654580,7/29/2014,949,651.21,524.96,617998.29,498187.04,119811.25
Central America and the Caribbean,Panama,Cosmetics,Offline,H,3/17/2015,470897471,4/22/2015,7881,437.20,263.33,3445573.20,2075303.73,1370269.47
Europe,Belarus,Beverages,Offline,L,4/3/2013,248335492,4/4/2013,6846,47.45,31.79,324842.70,217634.34,107208.36
Sub-Saharan Africa,Botswana,Clothes,Offline,C,3/8/2015,680517470,3/25/2015,9097,109.28,35.84,994120.16,326036.48,668083.68
Sub-Saharan Africa,Tanzania,Personal Care,Online,M,6/21/2013,400304734,7/29/2013,7921,81.73,56.67,647383.33,448883.07,198500.26
Europe,Romania,Office Supplies,Offline,C,1/6/2013,810871112,1/8/2013,3636,651.21,524.96,2367799.56,1908754.56,459045.00
Sub-Saharan Africa,Mali,Cereal,Online,L,3/17/2012,235702931,4/3/2012,8590,205.70,117.11,1766963.00,1005974.90,760988.10
Sub-Saharan Africa,Central African Republic,Office Supplies,Offline,C,4/18/2014,668599021,5/12/2014,2163,651.21,524.96,1408567.23,1135488.48,273078.75
Sub-Saharan Africa,Niger,Baby Food,Online,M,1/3/2016,123670709,2/1/2016,5766,255.28,159.42,1471944.48,919215.72,552728.76
Europe,Austria,Office Supplies,Online,L,5/12/2011,285341823,6/8/2011,7841,651.21,524.96,5106137.61,4116211.36,989926.25
Asia,India,Fruits,Online,H,7/29/2010,658348691,8/22/2010,8862,9.33,6.92,82682.46,61325.04,21357.42
Europe,Luxembourg,Baby Food,Offline,L,8/2/2013,817740142,8/19/2013,6335,255.28,159.42,1617198.80,1009925.70,607273.10
Sub-Saharan Africa,Cape Verde,Beverages,Offline,H,10/23/2013,858877503,11/6/2013,9794,47.45,31.79,464725.30,311351.26,153374.04
Europe,Sweden,Vegetables,Offline,M,2/5/2017,947434604,2/19/2017,5808,154.06,90.93,894780.48,528121.44,366659.04
Europe,Iceland,Meat,Offline,H,3/20/2015,869397771,4/17/2015,2975,421.89,364.69,1255122.75,1084952.75,170170.00
Middle East and North Africa,Qatar,Personal Care,Offline,L,5/6/2012,481065833,5/8/2012,6925,81.73,56.67,565980.25,392439.75,173540.50
Sub-Saharan Africa,South Sudan,Meat,Online,C,9/30/2013,159050118,10/1/2013,5319,421.89,364.69,2244032.91,1939786.11,304246.80
Europe,United Kingdom,Office Supplies,Online,M,5/20/2014,350274455,6/14/2014,2850,651.21,524.96,1855948.50,1496136.00,359812.50
Middle East and North Africa,Tunisia ,Cereal,Online,L,4/9/2010,221975171,5/17/2010,6241,205.70,117.11,1283773.70,730883.51,552890.19
North America,United States of America,Office Supplies,Online,C,6/9/2017,811701095,7/19/2017,9247,651.21,524.96,6021738.87,4854305.12,1167433.75
Sub-Saharan Africa,Liberia,Cereal,Online,L,2/8/2015,977313554,3/29/2015,7653,205.70,117.11,1574222.10,896242.83,677979.27
Sub-Saharan Africa,Eritrea,Snacks,Offline,L,1/25/2010,546986377,2/10/2010,4279,152.58,97.44,652889.82,416945.76,235944.06
Asia,South Korea,Fruits,Offline,L,3/7/2010,769205892,3/17/2010,3972,9.33,6.92,37058.76,27486.24,9572.52
Sub-Saharan Africa,Kenya,Clothes,Offline,M,1/3/2013,262770926,2/8/2013,8611,109.28,35.84,941010.08,308618.24,632391.84
Sub-Saharan Africa,Rwanda,Snacks,Online,M,3/6/2017,866792809,3/18/2017,2109,152.58,97.44,321791.22,205500.96,116290.26
Central America and the Caribbean,Cuba,Beverages,Offline,C,1/9/2011,890695369,2/23/2011,5408,47.45,31.79,256609.60,171920.32,84689.28
Middle East and North Africa,Libya,Cereal,Offline,M,3/27/2014,964214932,3/31/2014,1480,205.70,117.11,304436.00,173322.80,131113.20
Europe,Czech Republic,Snacks,Online,C,6/28/2013,887400329,8/17/2013,332,152.58,97.44,50656.56,32350.08,18306.48
Europe,Montenegro,Beverages,Offline,M,9/4/2011,980612885,9/4/2011,3999,47.45,31.79,189752.55,127128.21,62624.34
Europe,Montenegro,Clothes,Offline,M,7/14/2016,734526431,8/2/2016,1549,109.28,35.84,169274.72,55516.16,113758.56
Asia,Philippines,Baby Food,Online,L,2/23/2014,160127294,3/23/2014,4079,255.28,159.42,1041287.12,650274.18,391012.94
Central America and the Caribbean,El Salvador,Clothes,Offline,L,8/7/2010,238714301,9/13/2010,9721,109.28,35.84,1062310.88,348400.64,713910.24
Australia and Oceania,Tonga,Household,Online,M,1/14/2013,671898782,2/6/2013,8635,668.27,502.54,5770511.45,4339432.90,1431078.55
Sub-Saharan Africa,Democratic Republic of the Congo,Personal Care,Offline,H,9/30/2010,331604564,11/17/2010,8014,81.73,56.67,654984.22,454153.38,200830.84
Middle East and North Africa,Afghanistan,Cereal,Online,M,10/13/2016,410067975,11/20/2016,7081,205.70,117.11,1456561.70,829255.91,627305.79
Australia and Oceania,Tuvalu,Snacks,Offline,L,3/16/2011,369837844,3/23/2011,2091,152.58,97.44,319044.78,203747.04,115297.74
Sub-Saharan Africa,Sudan,Fruits,Online,L,12/26/2012,193775498,1/31/2013,1331,9.33,6.92,12418.23,9210.52,3207.71
Sub-Saharan Africa,Niger,Clothes,Online,M,9/2/2015,835054767,10/9/2015,117,109.28,35.84,12785.76,4193.28,8592.48
Sub-Saharan Africa,Gabon,Household,Offline,C,11/11/2013,167161977,12/24/2013,5798,668.27,502.54,3874629.46,2913726.92,960902.54
Australia and Oceania,East Timor,Vegetables,Offline,C,8/4/2014,633895957,8/22/2014,2755,154.06,90.93,424435.30,250512.15,173923.15
North America,United States of America,Clothes,Offline,C,10/21/2010,699368035,12/7/2010,7398,109.28,35.84,808453.44,265144.32,543309.12
Middle East and North Africa,Jordan,Vegetables,Offline,L,6/13/2015,698002040,7/29/2015,3170,154.06,90.93,488370.20,288248.10,200122.10
Europe,Cyprus,Snacks,Offline,H,3/29/2012,584534299,5/18/2012,5544,152.58,97.44,845903.52,540207.36,305696.16
Sub-Saharan Africa,Malawi,Vegetables,Online,L,6/22/2012,384013640,7/19/2012,7025,154.06,90.93,1082271.50,638783.25,443488.25
Europe,Iceland,Personal Care,Online,M,5/10/2013,641801393,5/24/2013,2149,81.73,56.67,175637.77,121783.83,53853.94
Middle East and North Africa,Israel,Personal Care,Online,M,12/10/2016,173571383,1/11/2017,2484,81.73,56.67,203017.32,140768.28,62249.04
Middle East and North Africa,United Arab Emirates,Snacks,Offline,H,3/20/2011,115309941,4/6/2011,1629,152.58,97.44,248552.82,158729.76,89823.06
Asia,China,Cosmetics,Offline,L,9/22/2011,773315894,11/4/2011,213,437.20,263.33,93123.60,56089.29,37034.31
Sub-Saharan Africa,Kenya,Beverages,Online,M,5/11/2012,274200570,6/26/2012,897,47.45,31.79,42562.65,28515.63,14047.02
Middle East and North Africa,Somalia,Clothes,Offline,M,11/15/2011,414887797,11/17/2011,3374,109.28,35.84,368710.72,120924.16,247786.56
Australia and Oceania,Tonga,Beverages,Offline,L,1/27/2010,812613904,1/29/2010,9367,47.45,31.79,444464.15,297776.93,146687.22
Asia,Bangladesh,Baby Food,Online,H,8/17/2011,254927718,9/7/2011,7632,255.28,159.42,1948296.96,1216693.44,731603.52
Middle East and North Africa,Egypt,Beverages,Offline,M,9/6/2014,749690568,10/26/2014,8954,47.45,31.79,424867.30,284647.66,140219.64
Sub-Saharan Africa,Eritrea,Cereal,Offline,C,9/3/2014,775076282,9/19/2014,1150,205.70,117.11,236555.00,134676.50,101878.50
Sub-Saharan Africa,Swaziland,Office Supplies,Online,H,9/5/2015,229571187,9/18/2015,4071,651.21,524.96,2651075.91,2137112.16,513963.75
Asia,Vietnam,Baby Food,Online,C,6/20/2011,881974112,7/11/2011,4594,255.28,159.42,1172756.32,732375.48,440380.84
Australia and Oceania,Marshall Islands,Snacks,Online,L,1/12/2012,521396386,2/14/2012,1632,152.58,97.44,249010.56,159022.08,89988.48
Asia,Taiwan,Household,Online,C,1/23/2017,607261836,2/22/2017,1127,668.27,502.54,753140.29,566362.58,186777.71
Europe,Ireland,Vegetables,Online,M,3/4/2012,419306790,3/12/2012,1052,154.06,90.93,162071.12,95658.36,66412.76
Sub-Saharan Africa,Rwanda,Meat,Offline,H,7/18/2010,207580077,7/18/2010,6413,421.89,364.69,2705580.57,2338756.97,366823.60
Europe,Sweden,Snacks,Online,M,4/12/2011,742443025,4/15/2011,4245,152.58,97.44,647702.10,413632.80,234069.30
Sub-Saharan Africa,Gabon,Snacks,Offline,M,10/3/2010,164569461,10/5/2010,8615,152.58,97.44,1314476.70,839445.60,475031.10
Sub-Saharan Africa,South Africa,Baby Food,Online,L,12/29/2013,734945714,2/12/2014,5624,255.28,159.42,1435694.72,896578.08,539116.64
Europe,United Kingdom,Clothes,Offline,C,9/19/2015,284870612,10/7/2015,8399,109.28,35.84,917842.72,301020.16,616822.56
Europe,Albania,Fruits,Offline,M,9/17/2011,765955483,10/7/2011,2104,9.33,6.92,19630.32,14559.68,5070.64
Asia,Malaysia,Snacks,Offline,H,3/11/2010,600124156,4/21/2010,8929,152.58,97.44,1362386.82,870041.76,492345.06
Sub-Saharan Africa,Ghana,Household,Offline,L,11/10/2012,529612958,12/11/2012,3098,668.27,502.54,2070300.46,1556868.92,513431.54
Central America and the Caribbean,Cuba,Clothes,Offline,H,2/16/2011,466970717,3/18/2011,5867,109.28,35.84,641145.76,210273.28,430872.48
Central America and the Caribbean,Saint Lucia,Cosmetics,Online,C,8/13/2012,845058763,9/22/2012,522,437.20,263.33,228218.40,137458.26,90760.14
Europe,Romania,Snacks,Offline,L,8/28/2014,367050921,8/31/2014,7379,152.58,97.44,1125887.82,719009.76,406878.06
Europe,Portugal,Office Supplies,Online,L,8/19/2015,956433522,9/12/2015,8788,651.21,524.96,5722833.48,4613348.48,1109485.00
Europe,Macedonia,Beverages,Online,C,3/20/2011,107005393,5/4/2011,4129,47.45,31.79,195921.05,131260.91,64660.14
Asia,China,Beverages,Offline,C,4/16/2013,332877862,5/7/2013,4811,47.45,31.79,228281.95,152941.69,75340.26
Europe,Germany,Baby Food,Online,L,11/13/2015,618474757,12/31/2015,9279,255.28,159.42,2368743.12,1479258.18,889484.94
Europe,Ireland,Household,Online,M,1/10/2014,468532407,2/11/2014,8006,668.27,502.54,5350169.62,4023335.24,1326834.38
Europe,Poland,Office Supplies,Offline,M,4/9/2015,358099639,4/29/2015,8496,651.21,524.96,5532680.16,4460060.16,1072620.00
Sub-Saharan Africa,Namibia,Household,Online,H,1/7/2013,382537782,1/27/2013,285,668.27,502.54,190456.95,143223.90,47233.05
Asia,Uzbekistan,Personal Care,Offline,H,2/12/2013,707520663,3/15/2013,9942,81.73,56.67,812559.66,563413.14,249146.52
Sub-Saharan Africa,Zimbabwe,Meat,Online,M,11/28/2014,219034612,12/10/2014,6064,421.89,364.69,2558340.96,2211480.16,346860.80
Asia,Mongolia,Meat,Offline,M,1/3/2015,573378455,1/17/2015,4281,421.89,364.69,1806111.09,1561237.89,244873.20
Europe,Norway,Personal Care,Online,H,2/3/2011,347163522,3/22/2011,2256,81.73,56.67,184382.88,127847.52,56535.36
Middle East and North Africa,Oman,Snacks,Offline,M,4/9/2013,887313640,4/21/2013,4679,152.58,97.44,713921.82,455921.76,258000.06
Europe,Serbia,Cosmetics,Online,H,7/26/2017,461065137,8/19/2017,8275,437.20,263.33,3617830.00,2179055.75,1438774.25
Sub-Saharan Africa,Democratic Republic of the Congo,Fruits,Offline,H,4/15/2017,105966842,5/19/2017,6798,9.33,6.92,63425.34,47042.16,16383.18
Europe,Bulgaria,Baby Food,Online,M,5/16/2014,479880082,5/23/2014,6035,255.28,159.42,1540614.80,962099.70,578515.10
Asia,Brunei,Baby Food,Online,H,8/12/2015,510978686,9/30/2015,8803,255.28,159.42,2247229.84,1403374.26,843855.58
Europe,Serbia,Snacks,Offline,C,9/20/2013,547748982,10/14/2013,9951,152.58,97.44,1518323.58,969625.44,548698.14
Sub-Saharan Africa,Ghana,Cereal,Offline,M,10/31/2013,108989799,12/9/2013,1358,205.70,117.11,279340.60,159035.38,120305.22
Sub-Saharan Africa,Malawi,Cereal,Offline,M,7/30/2014,133812463,8/9/2014,6936,205.70,117.11,1426735.20,812274.96,614460.24
Sub-Saharan Africa,Zimbabwe,Fruits,Offline,L,11/12/2011,731640803,12/30/2011,7627,9.33,6.92,71159.91,52778.84,18381.07
Europe,Cyprus,Snacks,Offline,C,3/25/2010,732211148,4/14/2010,6405,152.58,97.44,977274.90,624103.20,353171.70
Central America and the Caribbean,Nicaragua,Cereal,Online,M,7/4/2011,835572326,8/8/2011,3274,205.70,117.11,673461.80,383418.14,290043.66
Europe,Estonia,Baby Food,Offline,C,1/1/2011,462085664,1/15/2011,271,255.28,159.42,69180.88,43202.82,25978.06
Europe,Estonia,Clothes,Online,C,6/16/2016,902424991,7/4/2016,6463,109.28,35.84,706276.64,231633.92,474642.72
Europe,Lithuania,Fruits,Offline,H,12/17/2013,367576634,1/5/2014,2949,9.33,6.92,27514.17,20407.08,7107.09
Sub-Saharan Africa,Republic of the Congo,Meat,Offline,H,3/1/2017,738839423,3/31/2017,7859,421.89,364.69,3315633.51,2866098.71,449534.80
Europe,Czech Republic,Baby Food,Online,C,7/2/2010,817824685,7/27/2010,1353,255.28,159.42,345393.84,215695.26,129698.58
Sub-Saharan Africa,Cameroon,Snacks,Online,C,7/16/2013,376456248,8/1/2013,624,152.58,97.44,95209.92,60802.56,34407.36
Asia,Vietnam,Office Supplies,Online,H,8/16/2016,606970441,9/16/2016,4897,651.21,524.96,3188975.37,2570729.12,618246.25
Europe,Moldova ,Meat,Offline,L,12/16/2014,971916091,1/19/2015,424,421.89,364.69,178881.36,154628.56,24252.80
Middle East and North Africa,Bahrain,Office Supplies,Offline,L,5/14/2012,554154527,5/15/2012,5494,651.21,524.96,3577747.74,2884130.24,693617.50
Europe,Hungary,Household,Online,L,7/18/2017,306859576,7/19/2017,5423,668.27,502.54,3624028.21,2725274.42,898753.79
Australia and Oceania,Marshall Islands,Personal Care,Offline,L,7/9/2017,803517568,7/21/2017,7559,81.73,56.67,617797.07,428368.53,189428.54
Middle East and North Africa,Iraq,Office Supplies,Online,C,9/30/2011,887927329,10/2/2011,6283,651.21,524.96,4091552.43,3298323.68,793228.75
Europe,Albania,Vegetables,Online,H,11/24/2015,824200189,11/26/2015,8006,154.06,90.93,1233404.36,727985.58,505418.78
Sub-Saharan Africa,Lesotho,Office Supplies,Online,H,8/14/2012,946759974,9/14/2012,6170,651.21,524.96,4017965.70,3239003.20,778962.50
Middle East and North Africa,Lebanon,Clothes,Offline,H,12/6/2015,310343015,12/28/2015,6249,109.28,35.84,682890.72,223964.16,458926.56
Europe,Hungary,Vegetables,Online,C,5/25/2014,739998137,7/9/2014,748,154.06,90.93,115236.88,68015.64,47221.24
Asia,Japan,Beverages,Online,H,10/18/2012,981086671,11/21/2012,4203,47.45,31.79,199432.35,133613.37,65818.98
Europe,Georgia,Office Supplies,Offline,L,3/13/2013,749282443,3/25/2013,8180,651.21,524.96,5326897.80,4294172.80,1032725.00
Europe,Estonia,Office Supplies,Online,C,2/23/2011,280571782,3/11/2011,6280,651.21,524.96,4089598.80,3296748.80,792850.00
Europe,Luxembourg,Household,Online,C,8/15/2014,781253516,9/1/2014,9131,668.27,502.54,6101973.37,4588692.74,1513280.63
Sub-Saharan Africa,Swaziland,Personal Care,Online,H,7/6/2017,377938973,7/11/2017,9396,81.73,56.67,767935.08,532471.32,235463.76
Europe,Romania,Clothes,Offline,C,12/31/2010,867551982,1/3/2011,6765,109.28,35.84,739279.20,242457.60,496821.60
Sub-Saharan Africa,Ethiopia,Personal Care,Offline,C,1/13/2010,967328870,1/15/2010,2964,81.73,56.67,242247.72,167969.88,74277.84
Sub-Saharan Africa,Chad,Office Supplies,Offline,C,9/17/2011,364818465,10/16/2011,6746,651.21,524.96,4393062.66,3541380.16,851682.50
Middle East and North Africa,Morocco,Office Supplies,Online,C,3/8/2014,167882096,3/31/2014,8898,651.21,524.96,5794466.58,4671094.08,1123372.50
North America,Mexico,Clothes,Online,H,11/18/2012,654693591,12/1/2012,7237,109.28,35.84,790859.36,259374.08,531485.28
Sub-Saharan Africa,Nigeria,Personal Care,Offline,H,11/18/2011,823739278,12/29/2011,1612,81.73,56.67,131748.76,91352.04,40396.72
Central America and the Caribbean,Trinidad and Tobago,Beverages,Offline,L,7/12/2012,643817985,8/19/2012,8904,47.45,31.79,422494.80,283058.16,139436.64
Europe,Moldova ,Personal Care,Offline,H,3/30/2017,604041039,5/15/2017,8022,81.73,56.67,655638.06,454606.74,201031.32
Australia and Oceania,Solomon Islands,Personal Care,Online,H,7/26/2010,363832271,9/12/2010,4909,81.73,56.67,401212.57,278193.03,123019.54
Asia,India,Personal Care,Online,L,12/24/2015,102928006,1/31/2016,7539,81.73,56.67,616162.47,427235.13,188927.34
Sub-Saharan Africa,Burkina Faso,Office Supplies,Offline,M,5/15/2016,971377074,5/15/2016,917,651.21,524.96,597159.57,481388.32,115771.25
Australia and Oceania,Kiribati,Meat,Online,L,11/3/2010,139540803,12/4/2010,2079,421.89,364.69,877109.31,758190.51,118918.80
Middle East and North Africa,Israel,Meat,Offline,M,12/1/2010,248093020,12/16/2010,5093,421.89,364.69,2148685.77,1857366.17,291319.60
Sub-Saharan Africa,Comoros,Snacks,Offline,L,1/16/2014,858020055,1/17/2014,6056,152.58,97.44,924024.48,590096.64,333927.84
Middle East and North Africa,Iran,Baby Food,Offline,H,12/11/2014,700620734,1/5/2015,8099,255.28,159.42,2067512.72,1291142.58,776370.14
Asia,Vietnam,Cosmetics,Offline,L,12/24/2016,827506387,1/30/2017,6384,437.20,263.33,2791084.80,1681098.72,1109986.08
Central America and the Caribbean,Belize,Household,Online,M,3/21/2013,560600841,4/14/2013,3101,668.27,502.54,2072305.27,1558376.54,513928.73
Europe,Belarus,Personal Care,Offline,H,12/8/2012,642140424,1/16/2013,2476,81.73,56.67,202363.48,140314.92,62048.56
North America,United States of America,Baby Food,Offline,C,2/13/2015,984673964,3/5/2015,5763,255.28,159.42,1471178.64,918737.46,552441.18
Europe,Poland,Beverages,Online,L,3/28/2012,221062791,4/18/2012,6247,47.45,31.79,296420.15,198592.13,97828.02
North America,Canada,Vegetables,Offline,L,10/7/2016,654480731,11/8/2016,4247,154.06,90.93,654292.82,386179.71,268113.11
Middle East and North Africa,Israel,Beverages,Offline,C,12/15/2011,608414113,12/23/2011,2111,47.45,31.79,100166.95,67108.69,33058.26
Middle East and North Africa,Lebanon,Household,Online,L,3/8/2016,276661765,4/20/2016,9219,668.27,502.54,6160781.13,4632916.26,1527864.87
Europe,Andorra,Baby Food,Online,L,1/18/2011,373335015,2/28/2011,6982,255.28,159.42,1782364.96,1113070.44,669294.52
Europe,Slovakia,Clothes,Online,L,4/11/2013,782857692,5/28/2013,3843,109.28,35.84,419963.04,137733.12,282229.92
Sub-Saharan Africa,Liberia,Fruits,Online,H,5/18/2010,109966123,6/5/2010,274,9.33,6.92,2556.42,1896.08,660.34
Central America and the Caribbean,Antigua and Barbuda ,Cereal,Offline,M,6/5/2017,629709136,6/6/2017,3782,205.70,117.11,777957.40,442910.02,335047.38
Asia,China,Personal Care,Online,L,9/11/2012,637448060,9/15/2012,3901,81.73,56.67,318828.73,221069.67,97759.06
Sub-Saharan Africa,Niger,Baby Food,Online,H,3/8/2017,298856723,4/3/2017,7200,255.28,159.42,1838016.00,1147824.00,690192.00
Europe,United Kingdom,Household,Offline,L,1/28/2015,299921452,2/23/2015,2278,668.27,502.54,1522319.06,1144786.12,377532.94
Asia,Bangladesh,Personal Care,Offline,M,7/26/2010,496941077,7/29/2010,4763,81.73,56.67,389279.99,269919.21,119360.78
Asia,Myanmar,Snacks,Online,L,6/24/2016,366526925,7/14/2016,2317,152.58,97.44,353527.86,225768.48,127759.38
Australia and Oceania,Tonga,Meat,Offline,M,8/18/2012,355602824,9/15/2012,9633,421.89,364.69,4064066.37,3513058.77,551007.60
Sub-Saharan Africa,Guinea-Bissau,Vegetables,Online,C,3/11/2010,531405103,4/19/2010,3434,154.06,90.93,529042.04,312253.62,216788.42
Australia and Oceania,Nauru,Vegetables,Offline,M,1/14/2010,131482589,1/20/2010,7475,154.06,90.93,1151598.50,679701.75,471896.75
Sub-Saharan Africa,Swaziland,Cereal,Online,L,2/10/2014,713696610,3/28/2014,7542,205.70,117.11,1551389.40,883243.62,668145.78
Europe,Finland,Vegetables,Online,C,1/21/2014,306220996,1/30/2014,6452,154.06,90.93,993995.12,586680.36,407314.76
Australia and Oceania,Papua New Guinea,Household,Offline,L,2/28/2010,157542073,3/15/2010,9055,668.27,502.54,6051184.85,4550499.70,1500685.15
Sub-Saharan Africa,Mauritius ,Personal Care,Online,L,2/18/2015,686458671,3/8/2015,7230,81.73,56.67,590907.90,409724.10,181183.80
Sub-Saharan Africa,Mozambique,Office Supplies,Online,M,6/14/2012,132082116,7/22/2012,4888,651.21,524.96,3183114.48,2566004.48,617110.00
Europe,Bulgaria,Clothes,Online,L,3/5/2013,403836238,4/3/2013,2972,109.28,35.84,324780.16,106516.48,218263.68
Europe,Spain,Household,Online,C,4/10/2014,331457364,4/23/2014,4455,668.27,502.54,2977142.85,2238815.70,738327.15
Australia and Oceania,Vanuatu,Meat,Online,H,7/26/2017,614994323,9/12/2017,9341,421.89,364.69,3940874.49,3406569.29,534305.20
Europe,Belgium,Fruits,Offline,L,10/19/2010,674808442,10/24/2010,9669,9.33,6.92,90211.77,66909.48,23302.29
Europe,Belgium,Baby Food,Offline,L,11/8/2016,901573550,12/23/2016,4503,255.28,159.42,1149525.84,717868.26,431657.58
Sub-Saharan Africa,Guinea-Bissau,Clothes,Online,L,3/31/2014,406275975,5/10/2014,4944,109.28,35.84,540280.32,177192.96,363087.36
Sub-Saharan Africa,Togo,Vegetables,Online,C,8/18/2016,170214545,8/19/2016,9121,154.06,90.93,1405181.26,829372.53,575808.73
Sub-Saharan Africa,Cote d'Ivoire,Personal Care,Offline,C,1/3/2016,795000588,1/8/2016,7196,81.73,56.67,588129.08,407797.32,180331.76
Sub-Saharan Africa,Republic of the Congo,Fruits,Offline,C,10/21/2016,252557933,11/4/2016,6360,9.33,6.92,59338.80,44011.20,15327.60
Middle East and North Africa,Libya,Baby Food,Offline,M,12/10/2016,635122907,12/13/2016,5837,255.28,159.42,1490069.36,930534.54,559534.82
Australia and Oceania,East Timor,Vegetables,Online,C,8/12/2011,505244338,9/19/2011,1882,154.06,90.93,289940.92,171130.26,118810.66
Europe,Switzerland,Clothes,Offline,H,3/23/2012,745783555,5/9/2012,2782,109.28,35.84,304016.96,99706.88,204310.08
Australia and Oceania,Palau,Snacks,Offline,M,4/27/2012,509914386,6/11/2012,3853,152.58,97.44,587890.74,375436.32,212454.42
Middle East and North Africa,Jordan,Household,Online,M,1/29/2014,371123158,2/9/2014,2445,668.27,502.54,1633920.15,1228710.30,405209.85
Europe,Slovenia,Household,Online,H,12/13/2016,973208701,12/28/2016,2936,668.27,502.54,1962040.72,1475457.44,486583.28
Asia,South Korea,Baby Food,Online,L,11/21/2013,780282342,12/27/2013,1739,255.28,159.42,443931.92,277231.38,166700.54
Europe,Norway,Clothes,Online,H,4/7/2010,126767909,5/22/2010,2296,109.28,35.84,250906.88,82288.64,168618.24
Middle East and North Africa,Afghanistan,Baby Food,Online,M,7/8/2012,767401731,7/30/2012,80,255.28,159.42,20422.40,12753.60,7668.80
Asia,Bangladesh,Personal Care,Online,L,10/15/2016,927232635,11/24/2016,7597,81.73,56.67,620902.81,430521.99,190380.82
Sub-Saharan Africa,Guinea,Meat,Offline,M,9/18/2012,251621949,10/20/2012,9381,421.89,364.69,3957750.09,3421156.89,536593.20
Central America and the Caribbean,Cuba,Office Supplies,Offline,H,7/2/2017,256243503,7/23/2017,7002,651.21,524.96,4559772.42,3675769.92,884002.50
Europe,Russia,Cosmetics,Offline,C,7/21/2011,277083623,9/2/2011,4056,437.20,263.33,1773283.20,1068066.48,705216.72
Sub-Saharan Africa,Seychelles ,Vegetables,Offline,L,6/1/2010,620441138,6/22/2010,1175,154.06,90.93,181020.50,106842.75,74177.75
Asia,South Korea,Office Supplies,Offline,M,7/26/2015,312927377,9/7/2015,1020,651.21,524.96,664234.20,535459.20,128775.00
Sub-Saharan Africa,Ghana,Baby Food,Offline,L,8/6/2010,251466166,9/8/2010,3282,255.28,159.42,837828.96,523216.44,314612.52
Central America and the Caribbean,Costa Rica,Office Supplies,Online,H,6/20/2010,953293836,7/22/2010,9685,651.21,524.96,6306968.85,5084237.60,1222731.25
Europe,Romania,Cereal,Online,C,4/8/2012,305959212,4/23/2012,8985,205.70,117.11,1848214.50,1052233.35,795981.15
Europe,Czech Republic,Cereal,Online,L,2/27/2014,317323625,3/24/2014,1967,205.70,117.11,404611.90,230355.37,174256.53
Europe,Liechtenstein,Household,Offline,L,7/25/2011,365560901,9/1/2011,6449,668.27,502.54,4309673.23,3240880.46,1068792.77
Sub-Saharan Africa,Seychelles ,Baby Food,Online,M,2/18/2016,349157369,4/5/2016,2279,255.28,159.42,581783.12,363318.18,218464.94
Middle East and North Africa,Somalia,Baby Food,Online,L,1/24/2014,236911857,2/25/2014,6338,255.28,159.42,1617964.64,1010403.96,607560.68
Australia and Oceania,Solomon Islands,Personal Care,Offline,H,5/10/2015,517935693,6/16/2015,7536,81.73,56.67,615917.28,427065.12,188852.16
Sub-Saharan Africa,Uganda,Clothes,Offline,C,2/13/2012,851652705,3/27/2012,1816,109.28,35.84,198452.48,65085.44,133367.04
Sub-Saharan Africa,Equatorial Guinea,Cereal,Offline,M,9/7/2012,517799222,10/23/2012,7151,205.70,117.11,1470960.70,837453.61,633507.09
Central America and the Caribbean,Costa Rica,Office Supplies,Offline,C,2/4/2015,666424071,3/4/2015,8547,651.21,524.96,5565891.87,4486833.12,1079058.75
Europe,Moldova ,Fruits,Offline,C,11/16/2010,267888581,12/22/2010,3039,9.33,6.92,28353.87,21029.88,7323.99
Sub-Saharan Africa,Burkina Faso,Vegetables,Online,L,7/20/2011,162866580,7/26/2011,4695,154.06,90.93,723311.70,426916.35,296395.35
Central America and the Caribbean,Guatemala,Beverages,Offline,H,7/26/2014,812344396,8/30/2014,9614,47.45,31.79,456184.30,305629.06,150555.24
Sub-Saharan Africa,Swaziland,Meat,Online,M,8/24/2014,947620856,9/3/2014,924,421.89,364.69,389826.36,336973.56,52852.80
Asia,Maldives,Vegetables,Online,H,2/25/2015,720307290,3/28/2015,3789,154.06,90.93,583733.34,344533.77,239199.57
Asia,Thailand,Household,Online,H,9/21/2016,352327525,10/27/2016,399,668.27,502.54,266639.73,200513.46,66126.27
Sub-Saharan Africa,Sudan,Household,Online,C,6/28/2013,585917890,7/23/2013,4979,668.27,502.54,3327316.33,2502146.66,825169.67
Central America and the Caribbean,Costa Rica,Meat,Offline,L,1/5/2012,433627212,2/13/2012,8783,421.89,364.69,3705459.87,3203072.27,502387.60
Europe,Denmark,Beverages,Online,C,5/1/2012,328316819,5/30/2012,5098,47.45,31.79,241900.10,162065.42,79834.68
Sub-Saharan Africa,Angola,Cereal,Offline,C,10/13/2011,773160541,11/21/2011,4240,205.70,117.11,872168.00,496546.40,375621.60
Australia and Oceania,Papua New Guinea,Household,Online,M,4/27/2016,991644704,5/18/2016,8559,668.27,502.54,5719722.93,4301239.86,1418483.07
Asia,North Korea,Meat,Online,M,1/19/2014,277568137,2/7/2014,7435,421.89,364.69,3136752.15,2711470.15,425282.00
Central America and the Caribbean,El Salvador,Fruits,Online,C,11/6/2016,245042169,12/15/2016,2278,9.33,6.92,21253.74,15763.76,5489.98
Sub-Saharan Africa,Burkina Faso,Household,Online,M,2/28/2011,778490626,3/24/2011,1531,668.27,502.54,1023121.37,769388.74,253732.63
Middle East and North Africa,Yemen,Baby Food,Online,C,10/11/2014,482649838,11/13/2014,5668,255.28,159.42,1446927.04,903592.56,543334.48
Sub-Saharan Africa,Republic of the Congo,Beverages,Online,L,6/25/2012,732568633,7/5/2012,2193,47.45,31.79,104057.85,69715.47,34342.38
Europe,Andorra,Household,Online,M,11/6/2012,723608338,11/23/2012,642,668.27,502.54,429029.34,322630.68,106398.66
Central America and the Caribbean,Dominican Republic,Household,Offline,H,2/24/2014,621442782,4/14/2014,7584,668.27,502.54,5068159.68,3811263.36,1256896.32
Middle East and North Africa,Israel,Baby Food,Offline,M,9/19/2015,212058293,10/6/2015,1616,255.28,159.42,412532.48,257622.72,154909.76
Australia and Oceania,Solomon Islands,Snacks,Offline,L,3/4/2014,251753699,3/24/2014,8369,152.58,97.44,1276942.02,815475.36,461466.66
Sub-Saharan Africa,Liberia,Fruits,Online,M,10/8/2014,217140328,10/30/2014,5503,9.33,6.92,51342.99,38080.76,13262.23
Sub-Saharan Africa,Mali,Vegetables,Online,C,6/19/2012,555142009,7/10/2012,7712,154.06,90.93,1188110.72,701252.16,486858.56
Asia,Uzbekistan,Clothes,Online,C,11/11/2010,432995069,12/13/2010,1718,109.28,35.84,187743.04,61573.12,126169.92
Middle East and North Africa,Tunisia ,Personal Care,Offline,H,11/1/2010,888248336,11/7/2010,1276,81.73,56.67,104287.48,72310.92,31976.56
Europe,Vatican City,Vegetables,Online,C,4/28/2014,778763139,5/9/2014,2173,154.06,90.93,334772.38,197590.89,137181.49
Sub-Saharan Africa,Djibouti,Snacks,Offline,H,12/22/2012,832713305,2/9/2013,7227,152.58,97.44,1102695.66,704198.88,398496.78
Europe,Ukraine,Household,Offline,M,8/25/2014,498585164,9/29/2014,1285,668.27,502.54,858726.95,645763.90,212963.05
Australia and Oceania,East Timor,Fruits,Offline,M,11/26/2016,195177543,12/23/2016,6227,9.33,6.92,58097.91,43090.84,15007.07
Sub-Saharan Africa,Uganda,Cereal,Online,C,10/20/2010,861601769,12/2/2010,5965,205.70,117.11,1227000.50,698561.15,528439.35
Sub-Saharan Africa,Guinea,Meat,Online,H,12/18/2014,807281672,1/26/2015,1441,421.89,364.69,607943.49,525518.29,82425.20
Sub-Saharan Africa,Equatorial Guinea,Clothes,Offline,H,3/20/2011,661953580,4/24/2011,5629,109.28,35.84,615137.12,201743.36,413393.76
Europe,Malta,Cosmetics,Online,M,7/12/2016,225666320,8/21/2016,8534,437.20,263.33,3731064.80,2247258.22,1483806.58
Europe,Cyprus,Household,Offline,L,1/26/2011,718781220,2/19/2011,2191,668.27,502.54,1464179.57,1101065.14,363114.43
Europe,Czech Republic,Office Supplies,Online,L,2/24/2010,731972110,4/15/2010,5668,651.21,524.96,3691058.28,2975473.28,715585.00
Middle East and North Africa,Libya,Vegetables,Online,C,1/2/2015,276225316,2/9/2015,64,154.06,90.93,9859.84,5819.52,4040.32
Asia,Vietnam,Office Supplies,Offline,C,7/26/2016,332839667,7/27/2016,3509,651.21,524.96,2285095.89,1842084.64,443011.25
Middle East and North Africa,Jordan,Vegetables,Online,C,6/1/2014,603426492,6/15/2014,6163,154.06,90.93,949471.78,560401.59,389070.19
Sub-Saharan Africa,Mali,Beverages,Offline,H,12/21/2012,859909617,1/29/2013,5220,47.45,31.79,247689.00,165943.80,81745.20
Europe,Czech Republic,Household,Online,L,2/27/2010,494525372,3/2/2010,9902,668.27,502.54,6617209.54,4976151.08,1641058.46
Europe,Slovakia,Vegetables,Online,M,4/24/2016,769822585,5/15/2016,6465,154.06,90.93,995997.90,587862.45,408135.45
Sub-Saharan Africa,Zimbabwe,Vegetables,Offline,C,7/22/2012,768662583,8/10/2012,3195,154.06,90.93,492221.70,290521.35,201700.35
Central America and the Caribbean,Honduras,Cereal,Online,M,2/22/2015,544219195,3/9/2015,5409,205.70,117.11,1112631.30,633447.99,479183.31
Europe,Switzerland,Beverages,Offline,L,2/10/2011,669978749,3/20/2011,455,47.45,31.79,21589.75,14464.45,7125.30
Sub-Saharan Africa,South Africa,Cosmetics,Offline,L,1/21/2015,889740073,1/26/2015,2715,437.20,263.33,1186998.00,714940.95,472057.05
Sub-Saharan Africa,Uganda,Beverages,Online,M,5/10/2012,567614495,6/28/2012,8598,47.45,31.79,407975.10,273330.42,134644.68
Middle East and North Africa,Iran,Vegetables,Offline,M,12/16/2015,938025844,1/21/2016,1547,154.06,90.93,238330.82,140668.71,97662.11
Middle East and North Africa,Algeria,Vegetables,Online,C,2/25/2017,155710446,2/25/2017,7036,154.06,90.93,1083966.16,639783.48,444182.68
Sub-Saharan Africa,Central African Republic,Baby Food,Online,L,1/31/2012,945717132,2/13/2012,7570,255.28,159.42,1932469.60,1206809.40,725660.20
Central America and the Caribbean,The Bahamas,Cosmetics,Offline,C,2/7/2013,253407227,2/15/2013,7685,437.20,263.33,3359882.00,2023691.05,1336190.95
Sub-Saharan Africa,South Africa,Household,Offline,H,9/14/2014,494454562,9/22/2014,8948,668.27,502.54,5979679.96,4496727.92,1482952.04
Sub-Saharan Africa,Benin,Cereal,Online,M,6/5/2012,104845464,7/24/2012,4957,205.70,117.11,1019654.90,580514.27,439140.63
Europe,Hungary,Cosmetics,Online,M,4/5/2014,290878760,4/7/2014,6344,437.20,263.33,2773596.80,1670565.52,1103031.28
Europe,Austria,Office Supplies,Offline,C,2/2/2014,979165780,2/10/2014,5768,651.21,524.96,3756179.28,3027969.28,728210.00
Asia,Tajikistan,Office Supplies,Offline,C,9/1/2010,366630351,10/12/2010,2923,651.21,524.96,1903486.83,1534458.08,369028.75
Europe,Portugal,Office Supplies,Online,C,5/17/2011,770508801,6/25/2011,9532,651.21,524.96,6207333.72,5003918.72,1203415.00
Europe,Belgium,Beverages,Offline,M,4/21/2013,978349959,5/21/2013,4349,47.45,31.79,206360.05,138254.71,68105.34
Europe,Slovenia,Beverages,Offline,L,8/10/2014,298015153,8/14/2014,8161,47.45,31.79,387239.45,259438.19,127801.26
Europe,Czech Republic,Snacks,Online,M,9/19/2010,807678210,10/30/2010,8786,152.58,97.44,1340567.88,856107.84,484460.04
Australia and Oceania,Marshall Islands,Personal Care,Offline,C,4/13/2013,605825459,5/14/2013,6071,81.73,56.67,496182.83,344043.57,152139.26
Sub-Saharan Africa,Sudan,Fruits,Online,C,1/28/2016,561255729,2/1/2016,6897,9.33,6.92,64349.01,47727.24,16621.77
Central America and the Caribbean,Dominican Republic,Clothes,Online,H,12/9/2013,263080346,12/14/2013,175,109.28,35.84,19124.00,6272.00,12852.00
Sub-Saharan Africa,Tanzania,Cereal,Offline,C,2/21/2014,270723140,3/9/2014,1848,205.70,117.11,380133.60,216419.28,163714.32
Europe,Switzerland,Clothes,Offline,H,6/9/2017,763920438,7/10/2017,9888,109.28,35.84,1080560.64,354385.92,726174.72
North America,Greenland,Household,Online,L,4/17/2014,192721068,5/20/2014,9302,668.27,502.54,6216247.54,4674627.08,1541620.46
Australia and Oceania,Tonga,Fruits,Offline,L,5/20/2011,227486360,6/8/2011,7124,9.33,6.92,66466.92,49298.08,17168.84
Middle East and North Africa,Saudi Arabia,Vegetables,Online,M,8/28/2012,808890140,9/22/2012,7422,154.06,90.93,1143433.32,674882.46,468550.86
Central America and the Caribbean,Belize,Cosmetics,Offline,C,7/25/2015,597918736,9/11/2015,6296,437.20,263.33,2752611.20,1657925.68,1094685.52
Sub-Saharan Africa,Angola,Cosmetics,Online,H,10/27/2014,125870978,11/20/2014,6874,437.20,263.33,3005312.80,1810130.42,1195182.38
Asia,Malaysia,Household,Online,H,10/18/2013,444358193,10/21/2013,4319,668.27,502.54,2886258.13,2170470.26,715787.87
Sub-Saharan Africa,Ethiopia,Beverages,Online,C,2/15/2013,875304210,3/12/2013,822,47.45,31.79,39003.90,26131.38,12872.52
North America,Greenland,Baby Food,Offline,C,7/8/2014,360945355,8/16/2014,607,255.28,159.42,154954.96,96767.94,58187.02
Sub-Saharan Africa,Benin,Cereal,Offline,C,12/12/2016,613830459,1/16/2017,4928,205.70,117.11,1013689.60,577118.08,436571.52
Middle East and North Africa,Yemen,Cereal,Offline,H,11/24/2012,266820847,12/10/2012,7073,205.70,117.11,1454916.10,828319.03,626597.07
Sub-Saharan Africa,Rwanda,Baby Food,Offline,M,11/3/2014,723090350,11/27/2014,7358,255.28,159.42,1878350.24,1173012.36,705337.88
Sub-Saharan Africa,Mauritania,Meat,Offline,M,8/3/2013,306125295,8/15/2013,8132,421.89,364.69,3430809.48,2965659.08,465150.40
Australia and Oceania,New Zealand,Personal Care,Online,L,5/23/2012,109724509,6/16/2012,8775,81.73,56.67,717180.75,497279.25,219901.50
Australia and Oceania,Samoa ,Clothes,Offline,M,7/22/2015,847999322,8/6/2015,699,109.28,35.84,76386.72,25052.16,51334.56
Australia and Oceania,Fiji,Clothes,Online,H,2/1/2017,605373561,3/2/2017,2344,109.28,35.84,256152.32,84008.96,172143.36
Sub-Saharan Africa,Malawi,Beverages,Online,H,1/28/2012,686583554,2/22/2012,4186,47.45,31.79,198625.70,133072.94,65552.76
Australia and Oceania,Marshall Islands,Beverages,Offline,M,8/3/2015,666678130,9/21/2015,3729,47.45,31.79,176941.05,118544.91,58396.14
Central America and the Caribbean,Grenada,Baby Food,Online,M,6/23/2013,641018617,6/30/2013,508,255.28,159.42,129682.24,80985.36,48696.88
Europe,Luxembourg,Meat,Online,C,8/3/2011,775278842,9/22/2011,1093,421.89,364.69,461125.77,398606.17,62519.60
Sub-Saharan Africa,Zimbabwe,Meat,Offline,M,10/30/2016,855445134,12/6/2016,4080,421.89,364.69,1721311.20,1487935.20,233376.00
Asia,China,Vegetables,Online,H,9/5/2010,737816321,9/21/2010,5100,154.06,90.93,785706.00,463743.00,321963.00
North America,United States of America,Beverages,Online,L,7/13/2013,799003732,7/14/2013,1815,47.45,31.79,86121.75,57698.85,28422.90
Sub-Saharan Africa,Central African Republic,Vegetables,Online,L,10/9/2012,585931193,11/21/2012,8916,154.06,90.93,1373598.96,810731.88,562867.08
Central America and the Caribbean,Antigua and Barbuda ,Vegetables,Online,M,1/3/2012,165835034,1/5/2012,3127,154.06,90.93,481745.62,284338.11,197407.51
Central America and the Caribbean,Guatemala,Baby Food,Offline,H,2/8/2012,576264083,3/14/2012,8203,255.28,159.42,2094061.84,1307722.26,786339.58
Middle East and North Africa,Qatar,Clothes,Offline,L,1/3/2015,675079667,1/7/2015,9930,109.28,35.84,1085150.40,355891.20,729259.20
Middle East and North Africa,Israel,Personal Care,Online,L,5/13/2012,290455615,5/28/2012,1126,81.73,56.67,92027.98,63810.42,28217.56
Asia,Thailand,Snacks,Offline,L,1/13/2012,670878255,2/15/2012,6639,152.58,97.44,1012978.62,646904.16,366074.46
Asia,Singapore,Cereal,Online,M,7/30/2011,435146415,8/12/2011,8349,205.70,117.11,1717389.30,977751.39,739637.91
Asia,North Korea,Snacks,Online,C,3/13/2017,522371423,4/8/2017,167,152.58,97.44,25480.86,16272.48,9208.38
Europe,Austria,Office Supplies,Online,L,3/23/2017,141977107,4/18/2017,3036,651.21,524.96,1977073.56,1593778.56,383295.00
Asia,Japan,Baby Food,Offline,L,3/16/2016,823699796,4/19/2016,9929,255.28,159.42,2534675.12,1582881.18,951793.94
Sub-Saharan Africa,Zimbabwe,Beverages,Offline,L,12/18/2015,567588317,12/26/2015,851,47.45,31.79,40379.95,27053.29,13326.66
Europe,Lithuania,Fruits,Offline,H,10/25/2011,594003999,11/16/2011,7838,9.33,6.92,73128.54,54238.96,18889.58
Europe,Luxembourg,Baby Food,Offline,H,6/30/2011,393620669,8/2/2011,9958,255.28,159.42,2542078.24,1587504.36,954573.88
Sub-Saharan Africa,Central African Republic,Cosmetics,Offline,H,3/27/2016,877424657,4/10/2016,8309,437.20,263.33,3632694.80,2188008.97,1444685.83
Europe,Norway,Household,Offline,M,12/23/2016,326714789,1/21/2017,1021,668.27,502.54,682303.67,513093.34,169210.33
Sub-Saharan Africa,Democratic Republic of the Congo,Fruits,Offline,M,4/18/2013,243102395,4/18/2013,8256,9.33,6.92,77028.48,57131.52,19896.96
Australia and Oceania,New Zealand,Household,Offline,L,3/8/2017,398511302,4/20/2017,7205,668.27,502.54,4814885.35,3620800.70,1194084.65
Europe,Ukraine,Personal Care,Offline,M,6/3/2011,185177838,7/4/2011,7092,81.73,56.67,579629.16,401903.64,177725.52
Asia,Taiwan,Personal Care,Offline,H,11/30/2013,865650832,12/31/2013,4173,81.73,56.67,341059.29,236483.91,104575.38
Europe,Italy,Cereal,Offline,C,5/11/2013,622791612,5/31/2013,6733,205.70,117.11,1384978.10,788501.63,596476.47
Europe,Finland,Personal Care,Online,L,11/13/2010,409774005,11/27/2010,89,81.73,56.67,7273.97,5043.63,2230.34
Sub-Saharan Africa,Sudan,Office Supplies,Online,H,3/9/2016,800084340,4/21/2016,1591,651.21,524.96,1036075.11,835211.36,200863.75
Europe,Croatia,Snacks,Offline,M,8/19/2013,637521445,9/12/2013,5618,152.58,97.44,857194.44,547417.92,309776.52
Sub-Saharan Africa,Mauritania,Beverages,Online,L,4/19/2011,186196649,5/28/2011,8581,47.45,31.79,407168.45,272789.99,134378.46
Australia and Oceania,New Zealand,Baby Food,Offline,L,7/20/2014,680533778,7/25/2014,3923,255.28,159.42,1001463.44,625404.66,376058.78
Middle East and North Africa,Pakistan,Beverages,Online,L,9/8/2014,275269162,9/15/2014,7117,47.45,31.79,337701.65,226249.43,111452.22
Europe,Poland,Household,Online,C,6/4/2015,795451629,6/19/2015,668,668.27,502.54,446404.36,335696.72,110707.64
Europe,Lithuania,Cereal,Offline,M,12/19/2013,986442506,1/1/2014,9113,205.70,117.11,1874544.10,1067223.43,807320.67
Middle East and North Africa,Pakistan,Cereal,Offline,M,5/18/2012,563915622,6/10/2012,4019,205.70,117.11,826708.30,470665.09,356043.21
Australia and Oceania,East Timor,Cosmetics,Offline,C,10/12/2013,663857305,11/13/2013,8984,437.20,263.33,3927804.80,2365756.72,1562048.08
Australia and Oceania,Marshall Islands,Fruits,Online,L,1/2/2011,692566382,1/14/2011,4638,9.33,6.92,43272.54,32094.96,11177.58
Central America and the Caribbean,Cuba,Household,Offline,L,2/2/2013,576654183,2/3/2013,3642,668.27,502.54,2433839.34,1830250.68,603588.66
North America,Greenland,Baby Food,Offline,H,3/19/2011,313044536,4/14/2011,5689,255.28,159.42,1452287.92,906940.38,545347.54
Europe,Luxembourg,Personal Care,Offline,C,10/3/2012,418973767,10/27/2012,2503,81.73,56.67,204570.19,141845.01,62725.18
Middle East and North Africa,Israel,Beverages,Online,C,10/23/2014,581990706,11/15/2014,2838,47.45,31.79,134663.10,90220.02,44443.08
Sub-Saharan Africa,Djibouti,Baby Food,Online,H,7/12/2015,109956681,7/24/2015,7480,255.28,159.42,1909494.40,1192461.60,717032.80
Europe,Bulgaria,Cereal,Online,L,5/6/2010,181045520,5/27/2010,4247,205.70,117.11,873607.90,497366.17,376241.73
Asia,Mongolia,Vegetables,Online,C,11/27/2010,693743550,1/9/2011,2988,154.06,90.93,460331.28,271698.84,188632.44
Central America and the Caribbean,Dominican Republic,Clothes,Offline,L,12/26/2010,716849601,12/31/2010,582,109.28,35.84,63600.96,20858.88,42742.08
Middle East and North Africa,Yemen,Cosmetics,Online,L,12/30/2012,739474999,1/1/2013,5940,437.20,263.33,2596968.00,1564180.20,1032787.80
Australia and Oceania,Federated States of Micronesia,Personal Care,Online,M,8/21/2016,421043574,9/7/2016,5005,81.73,56.67,409058.65,283633.35,125425.30
Europe,Finland,Personal Care,Online,M,2/3/2015,841291654,3/20/2015,5751,81.73,56.67,470029.23,325909.17,144120.06
Central America and the Caribbean,The Bahamas,Cereal,Offline,L,12/19/2013,450268065,1/4/2014,3181,205.70,117.11,654331.70,372526.91,281804.79
Central America and the Caribbean,Grenada,Meat,Online,L,5/12/2012,918334138,6/12/2012,4334,421.89,364.69,1828471.26,1580566.46,247904.80
Sub-Saharan Africa,Sao Tome and Principe,Meat,Offline,M,3/28/2014,386163699,4/19/2014,3275,421.89,364.69,1381689.75,1194359.75,187330.00
Central America and the Caribbean,El Salvador,Personal Care,Offline,C,1/11/2017,214743077,2/18/2017,6103,81.73,56.67,498798.19,345857.01,152941.18
Europe,Sweden,Baby Food,Online,M,6/21/2015,935371100,7/6/2015,5949,255.28,159.42,1518660.72,948389.58,570271.14
Asia,Turkmenistan,Cosmetics,Offline,H,11/29/2012,899659097,12/3/2012,7974,437.20,263.33,3486232.80,2099793.42,1386439.38
Europe,Monaco,Vegetables,Online,H,1/1/2010,329530894,2/13/2010,4369,154.06,90.93,673088.14,397273.17,275814.97
Middle East and North Africa,Turkey,Meat,Online,H,1/6/2016,867222821,2/6/2016,9359,421.89,364.69,3948468.51,3413133.71,535334.80
Sub-Saharan Africa,Mozambique,Beverages,Online,M,10/14/2014,625283706,10/23/2014,4199,47.45,31.79,199242.55,133486.21,65756.34
Middle East and North Africa,Yemen,Office Supplies,Offline,C,12/9/2013,936574876,1/9/2014,2173,651.21,524.96,1415079.33,1140738.08,274341.25
Asia,Philippines,Cereal,Offline,M,10/19/2010,504270160,11/25/2010,3601,205.70,117.11,740725.70,421713.11,319012.59
Sub-Saharan Africa,Democratic Republic of the Congo,Personal Care,Offline,M,5/2/2011,351855885,6/2/2011,830,81.73,56.67,67835.90,47036.10,20799.80
Australia and Oceania,Fiji,Snacks,Online,H,3/17/2011,673130881,3/23/2011,3241,152.58,97.44,494511.78,315803.04,178708.74
Europe,Macedonia,Office Supplies,Offline,H,9/24/2014,382206475,10/13/2014,2244,651.21,524.96,1461315.24,1178010.24,283305.00
Middle East and North Africa,Tunisia ,Cereal,Online,H,12/1/2015,263506495,12/14/2015,6283,205.70,117.11,1292413.10,735802.13,556610.97
Europe,Liechtenstein,Cereal,Offline,L,6/2/2017,721767270,7/18/2017,5829,205.70,117.11,1199025.30,682634.19,516391.11
Middle East and North Africa,Qatar,Cosmetics,Online,M,8/4/2011,432037627,8/18/2011,8390,437.20,263.33,3668108.00,2209338.70,1458769.30
Australia and Oceania,Tonga,Meat,Offline,C,7/29/2014,389678895,8/24/2014,3499,421.89,364.69,1476193.11,1276050.31,200142.80
Europe,Belgium,Meat,Online,L,1/26/2017,760364902,2/24/2017,7726,421.89,364.69,3259522.14,2817594.94,441927.20
Sub-Saharan Africa,Chad,Fruits,Offline,C,11/5/2010,430081975,12/9/2010,9669,9.33,6.92,90211.77,66909.48,23302.29
Asia,Thailand,Baby Food,Online,H,3/26/2015,155128943,5/5/2015,4957,255.28,159.42,1265422.96,790244.94,475178.02
Europe,Iceland,Clothes,Offline,H,10/7/2012,312117135,10/16/2012,1251,109.28,35.84,136709.28,44835.84,91873.44
Central America and the Caribbean,Saint Lucia,Meat,Offline,L,7/22/2013,447970378,9/2/2013,3245,421.89,364.69,1369033.05,1183419.05,185614.00
Asia,Japan,Cosmetics,Offline,C,8/16/2013,629925000,8/18/2013,7661,437.20,263.33,3349389.20,2017371.13,1332018.07
Asia,India,Personal Care,Offline,L,11/5/2013,995529830,12/17/2013,8254,81.73,56.67,674599.42,467754.18,206845.24
Australia and Oceania,Vanuatu,Office Supplies,Online,L,3/1/2016,402646195,3/28/2016,812,651.21,524.96,528782.52,426267.52,102515.00
Sub-Saharan Africa,Chad,Meat,Offline,M,3/25/2012,479447925,4/4/2012,8150,421.89,364.69,3438403.50,2972223.50,466180.00
Sub-Saharan Africa,Malawi,Cosmetics,Offline,H,6/20/2017,674421346,6/29/2017,5118,437.20,263.33,2237589.60,1347722.94,889866.66
Europe,Finland,Cosmetics,Online,L,4/18/2014,506365287,5/16/2014,3596,437.20,263.33,1572171.20,946934.68,625236.52
Middle East and North Africa,Turkey,Clothes,Online,C,6/28/2016,914391076,8/4/2016,7494,109.28,35.84,818944.32,268584.96,550359.36
Sub-Saharan Africa,South Africa,Meat,Online,L,5/20/2012,207922542,7/1/2012,7755,421.89,364.69,3271756.95,2828170.95,443586.00
Europe,Lithuania,Office Supplies,Offline,M,2/4/2014,816696012,2/16/2014,7353,651.21,524.96,4788347.13,3860030.88,928316.25
Europe,Russia,Beverages,Offline,L,11/15/2015,740760314,11/21/2015,6293,47.45,31.79,298602.85,200054.47,98548.38
Central America and the Caribbean,The Bahamas,Baby Food,Online,C,1/11/2013,300476777,2/28/2013,6610,255.28,159.42,1687400.80,1053766.20,633634.60
Central America and the Caribbean,The Bahamas,Snacks,Online,L,4/24/2013,786519229,6/7/2013,7373,152.58,97.44,1124972.34,718425.12,406547.22
Middle East and North Africa,Turkey,Cosmetics,Offline,C,5/15/2010,409873998,6/3/2010,9679,437.20,263.33,4231658.80,2548771.07,1682887.73
Sub-Saharan Africa,Mauritius ,Cosmetics,Offline,H,4/17/2010,151839911,5/22/2010,1659,437.20,263.33,725314.80,436864.47,288450.33
Europe,Bulgaria,Vegetables,Online,H,8/25/2012,614028298,9/9/2012,3473,154.06,90.93,535050.38,315799.89,219250.49
Middle East and North Africa,Iran,Household,Offline,L,4/19/2014,668362987,5/13/2014,2315,668.27,502.54,1547045.05,1163380.10,383664.95
Sub-Saharan Africa,Ghana,Household,Online,M,2/26/2013,607080304,4/5/2013,7408,668.27,502.54,4950544.16,3722816.32,1227727.84
Sub-Saharan Africa,Malawi,Baby Food,Online,M,12/28/2011,792729079,1/17/2012,5006,255.28,159.42,1277931.68,798056.52,479875.16
Sub-Saharan Africa,Zimbabwe,Baby Food,Offline,M,8/21/2014,308170640,10/10/2014,3395,255.28,159.42,866675.60,541230.90,325444.70
Asia,Tajikistan,Vegetables,Online,H,8/21/2014,106578814,10/2/2014,7894,154.06,90.93,1216149.64,717801.42,498348.22
Europe,Czech Republic,Cereal,Online,H,3/2/2014,761439931,3/28/2014,5851,205.70,117.11,1203550.70,685210.61,518340.09
Sub-Saharan Africa,Mauritius ,Household,Online,L,9/6/2012,216552817,9/27/2012,1646,668.27,502.54,1099972.42,827180.84,272791.58
Sub-Saharan Africa,Lesotho,Fruits,Online,H,9/16/2010,536028802,9/22/2010,1689,9.33,6.92,15758.37,11687.88,4070.49
Sub-Saharan Africa,Mali,Beverages,Online,L,8/13/2013,254291713,8/15/2013,9424,47.45,31.79,447168.80,299588.96,147579.84
Europe,Georgia,Personal Care,Online,C,9/11/2012,226077878,10/23/2012,323,81.73,56.67,26398.79,18304.41,8094.38
Europe,Albania,Office Supplies,Offline,M,8/31/2011,476436126,10/15/2011,6892,651.21,524.96,4488139.32,3618024.32,870115.00
Europe,Cyprus,Cosmetics,Offline,L,4/21/2015,650727784,6/6/2015,3667,437.20,263.33,1603212.40,965631.11,637581.29
Central America and the Caribbean,Saint Kitts and Nevis ,Household,Offline,C,7/11/2010,464626681,7/27/2010,2215,668.27,502.54,1480218.05,1113126.10,367091.95
Middle East and North Africa,Tunisia ,Meat,Offline,C,8/9/2015,154119145,9/21/2015,6135,421.89,364.69,2588295.15,2237373.15,350922.00
Central America and the Caribbean,Cuba,Meat,Online,M,10/17/2015,925504004,12/6/2015,6057,421.89,364.69,2555387.73,2208927.33,346460.40
Australia and Oceania,Kiribati,Cereal,Offline,L,7/24/2012,905392587,8/16/2012,4641,205.70,117.11,954653.70,543507.51,411146.19
Asia,Cambodia,Snacks,Online,C,3/25/2012,990708720,5/4/2012,1581,152.58,97.44,241228.98,154052.64,87176.34
Europe,Moldova ,Baby Food,Online,M,8/11/2014,798688733,9/18/2014,8600,255.28,159.42,2195408.00,1371012.00,824396.00
Asia,Uzbekistan,Cereal,Offline,C,10/15/2016,916881453,11/28/2016,4452,205.70,117.11,915776.40,521373.72,394402.68
Asia,India,Cosmetics,Offline,L,12/3/2016,653148210,1/21/2017,9924,437.20,263.33,4338772.80,2613286.92,1725485.88
Europe,Germany,Personal Care,Offline,C,6/12/2010,285662829,7/13/2010,2834,81.73,56.67,231622.82,160602.78,71020.04
Europe,Austria,Vegetables,Online,C,7/29/2016,612911641,8/31/2016,3030,154.06,90.93,466801.80,275517.90,191283.90
Europe,Germany,Office Supplies,Offline,L,12/9/2013,703693473,1/12/2014,7391,651.21,524.96,4813093.11,3879979.36,933113.75
Asia,Bhutan,Clothes,Online,M,7/12/2012,147119653,8/9/2012,4829,109.28,35.84,527713.12,173071.36,354641.76
Asia,Kyrgyzstan,Fruits,Online,C,1/14/2012,402614009,3/2/2012,1287,9.33,6.92,12007.71,8906.04,3101.67
Middle East and North Africa,Somalia,Personal Care,Online,C,3/20/2013,749912869,4/25/2013,4738,81.73,56.67,387236.74,268502.46,118734.28
Central America and the Caribbean,Saint Lucia,Household,Online,H,2/10/2014,539065062,3/10/2014,186,668.27,502.54,124298.22,93472.44,30825.78
Europe,Armenia,Snacks,Offline,H,10/26/2013,540431916,11/15/2013,4668,152.58,97.44,712243.44,454849.92,257393.52
North America,Canada,Beverages,Online,C,4/16/2016,694687259,6/2/2016,2252,47.45,31.79,106857.40,71591.08,35266.32
Sub-Saharan Africa,Burundi,Cosmetics,Offline,H,5/27/2011,562817418,6/2/2011,9036,437.20,263.33,3950539.20,2379449.88,1571089.32
Europe,Liechtenstein,Cereal,Online,L,8/4/2016,676121222,9/9/2016,8149,205.70,117.11,1676249.30,954329.39,721919.91
Middle East and North Africa,Tunisia ,Snacks,Offline,L,7/3/2012,286210000,8/5/2012,4754,152.58,97.44,725365.32,463229.76,262135.56
Middle East and North Africa,Iraq,Beverages,Online,L,12/4/2014,515007579,1/11/2015,1042,47.45,31.79,49442.90,33125.18,16317.72
Asia,Indonesia,Cosmetics,Offline,C,5/31/2010,304750287,6/1/2010,1237,437.20,263.33,540816.40,325739.21,215077.19
Asia,Kazakhstan,Beverages,Online,H,2/5/2013,467986953,2/17/2013,6594,47.45,31.79,312885.30,209623.26,103262.04
Europe,Denmark,Beverages,Offline,C,6/15/2015,537578904,7/9/2015,399,47.45,31.79,18932.55,12684.21,6248.34
Europe,Luxembourg,Vegetables,Offline,L,10/21/2014,116699969,11/18/2014,2969,154.06,90.93,457404.14,269971.17,187432.97
Sub-Saharan Africa,Cape Verde,Snacks,Offline,C,2/13/2017,228836476,3/13/2017,6653,152.58,97.44,1015114.74,648268.32,366846.42
Australia and Oceania,Palau,Vegetables,Offline,C,6/29/2010,167787253,7/16/2010,832,154.06,90.93,128177.92,75653.76,52524.16
Australia and Oceania,Australia,Vegetables,Online,M,5/19/2014,647663629,5/20/2014,6915,154.06,90.93,1065324.90,628780.95,436543.95
Central America and the Caribbean,Nicaragua,Meat,Offline,L,3/21/2015,652889430,4/15/2015,3346,421.89,364.69,1411643.94,1220252.74,191391.20
Asia,Laos,Office Supplies,Offline,M,8/31/2015,588200986,10/15/2015,598,651.21,524.96,389423.58,313926.08,75497.50
Central America and the Caribbean,Cuba,Personal Care,Online,L,8/23/2015,928647124,8/30/2015,6176,81.73,56.67,504764.48,349993.92,154770.56
Europe,Moldova ,Cosmetics,Offline,L,2/24/2016,869589173,3/17/2016,9615,437.20,263.33,4203678.00,2531917.95,1671760.05
Middle East and North Africa,Syria,Household,Online,C,6/17/2015,576700961,7/23/2015,7485,668.27,502.54,5002000.95,3761511.90,1240489.05
Central America and the Caribbean,The Bahamas,Cereal,Offline,M,11/27/2012,735968816,12/6/2012,8382,205.70,117.11,1724177.40,981616.02,742561.38
Europe,Belarus,Snacks,Offline,M,9/7/2012,303691565,10/19/2012,7938,152.58,97.44,1211180.04,773478.72,437701.32
Middle East and North Africa,United Arab Emirates,Clothes,Offline,C,6/23/2012,556480538,8/7/2012,3812,109.28,35.84,416575.36,136622.08,279953.28
Sub-Saharan Africa,Angola,Beverages,Offline,H,10/23/2014,141259562,11/11/2014,698,47.45,31.79,33120.10,22189.42,10930.68
Central America and the Caribbean,Cuba,Cosmetics,Offline,C,9/18/2015,925264966,10/18/2015,5320,437.20,263.33,2325904.00,1400915.60,924988.40
Europe,Ukraine,Office Supplies,Online,H,1/24/2016,346045577,2/20/2016,1431,651.21,524.96,931881.51,751217.76,180663.75
Sub-Saharan Africa,Mozambique,Fruits,Offline,H,3/23/2010,861462724,4/19/2010,4818,9.33,6.92,44951.94,33340.56,11611.38
Europe,Armenia,Personal Care,Online,M,7/26/2012,499690234,8/28/2012,8299,81.73,56.67,678277.27,470304.33,207972.94
North America,Greenland,Clothes,Online,H,10/20/2015,509214437,11/2/2015,6722,109.28,35.84,734580.16,240916.48,493663.68
Central America and the Caribbean,Saint Kitts and Nevis ,Office Supplies,Online,M,6/27/2017,408834159,7/18/2017,1968,651.21,524.96,1281581.28,1033121.28,248460.00
Europe,Vatican City,Beverages,Offline,M,4/4/2016,237660729,4/30/2016,7946,47.45,31.79,377037.70,252603.34,124434.36
Europe,Ukraine,Clothes,Online,C,8/5/2015,105117976,9/9/2015,5600,109.28,35.84,611968.00,200704.00,411264.00
Sub-Saharan Africa,Niger,Cereal,Offline,L,6/16/2012,640942227,7/4/2012,7903,205.70,117.11,1625647.10,925520.33,700126.77
Asia,Myanmar,Cosmetics,Online,L,4/3/2016,745182311,5/5/2016,4860,437.20,263.33,2124792.00,1279783.80,845008.20
Sub-Saharan Africa,Guinea,Baby Food,Offline,C,9/21/2014,738199555,9/21/2014,8508,255.28,159.42,2171922.24,1356345.36,815576.88
Sub-Saharan Africa,Guinea-Bissau,Snacks,Online,L,8/8/2015,110667788,9/10/2015,7913,152.58,97.44,1207365.54,771042.72,436322.82
Sub-Saharan Africa,South Sudan,Office Supplies,Online,C,7/19/2012,673573338,7/20/2012,4174,651.21,524.96,2718150.54,2191183.04,526967.50
Middle East and North Africa,Turkey,Snacks,Offline,H,8/26/2011,708215034,9/13/2011,5421,152.58,97.44,827136.18,528222.24,298913.94
Australia and Oceania,Palau,Household,Online,M,6/23/2012,816204202,7/1/2012,1816,668.27,502.54,1213578.32,912612.64,300965.68
Europe,Poland,Beverages,Offline,L,11/20/2011,769464671,12/24/2011,550,47.45,31.79,26097.50,17484.50,8613.00
Asia,Malaysia,Beverages,Offline,L,5/13/2015,860232770,6/4/2015,848,47.45,31.79,40237.60,26957.92,13279.68
North America,United States of America,Personal Care,Offline,C,7/16/2010,551057326,8/22/2010,8963,81.73,56.67,732545.99,507933.21,224612.78
Europe,Switzerland,Cosmetics,Online,C,5/21/2016,724799668,5/27/2016,3183,437.20,263.33,1391607.60,838179.39,553428.21
Australia and Oceania,Papua New Guinea,Cosmetics,Offline,H,4/22/2011,534633624,6/8/2011,8825,437.20,263.33,3858290.00,2323887.25,1534402.75
Sub-Saharan Africa,Namibia,Beverages,Offline,H,8/14/2012,554045522,9/20/2012,3237,47.45,31.79,153595.65,102904.23,50691.42
Europe,Ireland,Clothes,Online,C,3/17/2012,526834189,5/2/2012,799,109.28,35.84,87314.72,28636.16,58678.56
Sub-Saharan Africa,Mozambique,Household,Online,C,8/6/2010,717110955,8/9/2010,7922,668.27,502.54,5294034.94,3981121.88,1312913.06
Sub-Saharan Africa,Democratic Republic of the Congo,Baby Food,Offline,L,2/25/2013,559299647,3/26/2013,8049,255.28,159.42,2054748.72,1283171.58,771577.14
North America,United States of America,Meat,Online,M,3/6/2011,908136594,3/10/2011,6654,421.89,364.69,2807256.06,2426647.26,380608.80
Middle East and North Africa,Azerbaijan,Office Supplies,Offline,M,12/14/2015,888670623,12/16/2015,6240,651.21,524.96,4063550.40,3275750.40,787800.00
Europe,Belgium,Office Supplies,Offline,C,2/10/2017,146263062,2/16/2017,1345,651.21,524.96,875877.45,706071.20,169806.25
Asia,Taiwan,Office Supplies,Offline,L,9/20/2016,196587741,10/28/2016,3536,651.21,524.96,2302678.56,1856258.56,446420.00
Central America and the Caribbean,Panama,Baby Food,Online,M,4/30/2010,375630986,6/2/2010,6411,255.28,159.42,1636600.08,1022041.62,614558.46
Europe,Andorra,Beverages,Offline,H,6/25/2013,989691627,7/10/2013,600,47.45,31.79,28470.00,19074.00,9396.00
Europe,Georgia,Household,Offline,H,7/4/2012,165380990,7/27/2012,8765,668.27,502.54,5857386.55,4404763.10,1452623.45
Central America and the Caribbean,Barbados,Snacks,Online,C,9/21/2013,599622905,10/22/2013,597,152.58,97.44,91090.26,58171.68,32918.58
Europe,Sweden,Personal Care,Offline,C,12/8/2016,109653699,1/6/2017,7821,81.73,56.67,639210.33,443216.07,195994.26
Middle East and North Africa,Algeria,Meat,Offline,M,9/2/2011,183022201,10/15/2011,9191,421.89,364.69,3877590.99,3351865.79,525725.20
Europe,Italy,Personal Care,Online,L,3/21/2011,127589738,4/2/2011,5494,81.73,56.67,449024.62,311344.98,137679.64
Europe,Russia,Fruits,Offline,L,1/8/2011,221530139,1/26/2011,4546,9.33,6.92,42414.18,31458.32,10955.86
Central America and the Caribbean,Antigua and Barbuda ,Office Supplies,Offline,M,2/22/2015,363329732,2/22/2015,6197,651.21,524.96,4035548.37,3253177.12,782371.25
Middle East and North Africa,Jordan,Fruits,Online,C,5/15/2017,521787345,6/25/2017,7325,9.33,6.92,68342.25,50689.00,17653.25
